BookID,Title,Author,Genre,Year,Copies
1900001,Golden between Darkness,Suresh Pawar,Horror,1931,29
1900002,Midnight from Chronicle,Leo ConanDoyle,Young,1912,20
1900003,Ancient over Fate,Amit Dostoevsky,Education,1990,86
2000004,Burning and Kingdom,Ray Das,Economics,2023,94
1900005,Broken under Mirror,Emily Steinbeck,Programming,1949,91
1900006,Lonely of Myth,Manoj Gaiman,Horror,1989,17
2000007,Cursed beyond Secrets,Leo Bose,Psychology,2009,50
1900008,Silent under Echoes,Kurt Tolstoy,Business,1921,26
1900009,Midnight to Shadows,Oscar Dickens,Education,1982,71
2000010,Fallen in Power,Arjun Kulkarni,Biology,2000,77
1900011,Burning between Blood,Kavita Das,Non-Fiction,1950,68
2000012,Hollow in Darkness,Margaret Khanna,Mystery,2000,17
1900013,Wandering between Storm,Priya Kafka,Mathematics,1924,85
1900014,Shattered within Horizon,Deepak Borges,Education,1954,98
1900015,Fading beyond Silence,Toni Joyce,Psychology,1999,31
1900016,Forgotten beyond Light,Toni Christie,Education,1927,21
1900017,Crimson and Ashes,Rahul Shetty,Mystery,1998,4
1900018,Distant and Fate,Vikas Ghosh,Fiction,1931,90
1900019,Fading beyond Fire,John Pillai,Non-Fiction,1902,89
1900020,Distant of Hope,Mark Shetty,Poetry,1944,44
1900021,Hollow of Worlds,Aldous Christie,Adventure,1986,86
1900022,Hidden beyond Storm,Vikas Kapoor,Horror,1953,18
1900023,Final to Echoes,Mark Huxley,Biology,1985,40
1900024,Unseen over Worlds,Leo Singh,Children,1979,11
1900025,Restless between Mirror,Ashok Bronte,Drama,1996,5
1900026,Rising of Shadows,Amit Murakami,Education,1987,70
2000027,Dark in Dreams,Neha Kumar,Horror,2015,69
1900028,Fallen between Legacy,Shreya Melville,Sociology,1912,34
1900029,Eternal in Light,Manoj Khanna,Horror,1957,58
1900030,Hollow within Power,Stephen Rao,Non-Fiction,1948,50
1900031,Cursed in Mirror,Margaret Steinbeck,Adventure,1952,52
1900032,Golden over Echoes,Fyodor Pawar,Mystery,1944,44
1900033,Fallen over Echoes,Shreya Dickens,Self Help,1990,61
1900034,Distant to Truth,Anand Shakespeare,Physics,1945,50
1900035,Fallen from Mirror,Franz Tolstoy,Technology,1957,13
1900036,Golden beyond Memory,Haruki Pillai,Historical,1968,63
1900037,Twisted beyond Ashes,Agatha Shetty,Poetry,1914,18
1900038,Lost in Fire,Franz Gupta,Programming,1908,13
2000039,Lonely from Worlds,William Dickens,Biography,2007,64
1900040,Cursed to Darkness,Stephen Wilde,Psychology,1951,25
1900041,Cursed in Fate,Agatha Joyce,Romance,1992,48
1900042,Forgotten under Blood,George Huxley,Fiction,1966,40
2000043,Silent over Stars,Emily Marquez,Business,2027,4
1900044,Restless beyond Storm,Anand Atwood,Technology,1923,23
1900045,Hidden between Light,Neil Borges,Philosophy,1933,96
1900046,Silent from Empire,Rohan Kulkarni,Psychology,1930,15
2000047,Golden between Storm,Margaret Orwell,Programming,2007,18
1900048,Eternal between Horizon,Haruki Murakami,Self Help,1995,1
2000049,Infinite and Path,Prakash Gaiman,Poetry,2019,23
1900050,Cursed of Shadows,James Reddy,Young,1946,74
2000051,Twisted under Storm,Rahul Melville,Poetry,2015,46
1900052,Infinite within Echoes,Oscar Gaiman,Education,1964,91
1900053,Hidden of Darkness,Charles Hemingway,Philosophy,1969,11
1900054,Rising from Kingdom,Isaac Kumar,Programming,1975,9
1900055,Silent of Kingdom,Aldous LeGuin,Chemistry,1935,12
1900056,Lost in Kingdom,Manoj Khanna,Business,1951,8
1900057,Lonely of Mirror,Deepak Nair,Philosophy,1955,92
1900058,Twisted to Ashes,Vivek Pawar,Education,1922,63
1900059,Lost between Darkness,Amit Chatterjee,Historical,1971,28
2000060,Dark and Legacy,Isaac Iyengar,Mystery,2025,26
1900061,Fallen between Fire,Arthur LeGuin,Chemistry,1971,92
2000062,Infinite over Darkness,Shreya Dostoevsky,Adventure,2015,33
2000063,Forgotten of Truth,Ursula Mukherjee,Sociology,2027,89
1900064,Ancient of Worlds,Neha Orwell,Sociology,1941,31
1900065,Dark over Time,Vikas Orwell,Autobiography,1947,81
1900066,Fallen beyond Myth,Sunil Marquez,Physics,1920,3
1900067,Secret beyond Empire,Sunil Sharma,Drama,1940,49
1900068,Dark of Secrets,Oscar Woolf,Biography,1913,36
2000069,Timeless from Light,Ananya Wilde,Non-Fiction,2016,56
2000070,Final of Ashes,Mark Austen,Biography,2012,77
2000071,Sacred from Memory,Sunil Das,Biology,2009,78
1900072,Final between Legacy,Leo Rao,Poetry,1967,37
2000073,Sacred under Journey,Priya Mehta,Mystery,2003,29
1900074,Fallen to Ashes,Jane Sharma,Horror,1974,11
1900075,Restless under Dreams,Ananya Kapoor,Children,1967,64
1900076,Fading between Time,Isaac ConanDoyle,Drama,1947,49
1900077,Silent beyond Echoes,Virginia Atwood,Economics,1929,68
1900078,Ancient between Storm,Rajesh Twain,Autobiography,1936,80
1900079,Eternal of Darkness,Anita Bronte,Fantasy,1997,21
2000080,Hollow from Power,Ravi Patel,Romance,2026,10
2000081,Forgotten beyond Time,Oscar Das,Historical,2013,61
1900082,Ancient in Hope,Ashok Borges,Non-Fiction,1984,14
1900083,Burning within Chronicle,Amit Verma,Drama,1973,44
1900084,Distant over Fire,Ananya Naidu,Mystery,1933,74
1900085,Unseen under Stars,Aarav Shakespeare,Psychology,1915,11
2000086,Wandering under Path,Charles Orwell,Young,2009,63
1900087,Twisted between Power,Margaret Pawar,Drama,1968,16
1900088,Golden between Empire,Toni Chatterjee,Philosophy,1988,50
1900089,Burning from Voices,Prakash Verma,Economics,1994,15
1900090,Eternal from Blood,Kurt Melville,Philosophy,1981,60
2000091,Eternal in Ashes,Kiran Bronte,Psychology,2000,6
1900092,Twisted within Hope,Meera Patel,Chemistry,1935,2
1900093,Dark of Truth,Mark Bronte,Mathematics,1923,17
1900094,Wandering from Hope,Anand Hemingway,Biography,1940,97
1900095,Midnight to Night,Franz LeGuin,Young,1907,6
1900096,Rising of Shadows,Pooja Menon,Drama,1980,77
1900097,Frozen from Power,Vikas Deshmukh,Fantasy,1956,85
1900098,Midnight over Blood,Shreya Shakespeare,Young,1996,13
1900099,Secret between Horizon,Vivek Steinbeck,Self Help,1973,56
2000100,Silent under Secrets,Anita Vonnegut,Economics,2014,77
1900101,Midnight between Night,Rohan Patel,Mathematics,1908,3
1900102,Midnight under Ashes,Anand King,Psychology,1950,37
1900103,Broken in Ashes,Ravi Hemingway,Business,1924,19
2000104,Shattered over Shadows,Ishaan Deshmukh,Programming,2002,56
1900105,Fallen in Darkness,Manoj Bose,Business,1917,42
1900106,Hidden and Chronicle,Leo Joyce,Technology,1931,86
1900107,Distant under Ashes,Fyodor Wilde,Non-Fiction,1934,45
1900108,Eternal to Night,Jane Wilde,Fantasy,1977,91
1900109,Midnight within Myth,Priya Mukherjee,Mathematics,1943,32
2000110,Silent between Fire,Aldous Tolstoy,Thriller,2009,58
1900111,Lost beyond Darkness,Vikas Khanna,Technology,1999,68
1900112,Lonely under Darkness,Emily Pillai,Technology,1922,74
2000113,Shattered and Ashes,Isaac Huxley,Adventure,2015,47
1900114,Fading under Myth,Pooja Singh,Poetry,1943,73
1900115,Forgotten and Empire,Neil Atwood,Technology,1930,77
2000116,Crimson within Power,Toni Reddy,Science Fiction,2014,21
1900117,Distant over Darkness,Vikas Austen,Economics,1982,20
1900118,Fallen of Secrets,Paulo Murakami,Thriller,1953,77
1900119,Broken over Hope,Herman Kafka,Biology,1991,80
1900120,Golden and Mirror,Leo Steinbeck,Economics,1995,31
2000121,Hidden and Kingdom,Mahesh Verma,Autobiography,2015,3
1900122,Unseen from Power, Malhotra,Biography,1939,93
2000123,Hollow under Power,Aarav Steinbeck,Education,2008,5
1900124,Lonely and Secrets,Suresh Melville,Science Fiction,1932,26
1900125,Burning and Empire,Suresh Orwell,Self Help,1976,99
2000126,Distant between Power,Haruki Woolf,Horror,2005,36
2000127,Infinite over Dreams,William Wilde,Technology,2006,99
1900128,Lost between Darkness,Sunil Patel,Thriller,1967,44
1900129,Unseen between Truth,Aldous King,Young,1927,1
1900130,Eternal between Empire,Shreya Menon,Biology,1946,39
1900131,Secret under Darkness,Sanjay Coelho,Economics,1958,63
1900132,Forgotten beyond Darkness,Aarav Murakami,Business,1922,14
2000133,Rising of Light,Ray Melville,Biology,2000,54
2000134,Rising between Secrets,Gabriel Singh,Horror,2006,22
1900135,Unseen from Chronicle,Sunil Wilde,Mathematics,1904,53
1900136,Forgotten over Ashes,Kiran Borges,Non-Fiction,1959,48
2000137,Hidden under Time, Mehta,Adventure,2021,52
1900138,Rising over Myth,Jane Vonnegut,Psychology,1995,92
1900139,Fallen to Dreams,James Singh,Poetry,1957,41
1900140,Silent within Hope,George Orwell,Fantasy,1918,45
2000141,Fallen from Light,Herman Vonnegut,Poetry,2008,47
1900142,Shattered from Voices,Paulo Coelho,Non-Fiction,1920,75
1900143,Crimson from Hope,Toni Verma,Biography,1918,55
1900144,Fading between Stars,Mark Woolf,Autobiography,1971,59
1900145,Cursed to Voices,Kiran Mukherjee,Economics,1929,77
1900146,Forgotten under Chronicle,Sanjay Kulkarni,Young,1989,49
1900147,Rising within Silence,Leo Dickens,Fiction,1919,74
1900148,Lonely from Power,Aditya Shetty,Education,1982,96
1900149,Infinite over Echoes,William Singh,Historical,1949,96
1900150,Timeless over Fire,Deepak Huxley,Mathematics,1969,47
1900151,Hollow between Horizon,Fyodor Vonnegut,Science Fiction,1907,100
2000152,Lonely and Echoes,Anand ConanDoyle,Drama,2005,81
1900153,Sacred in Memory,Neil Dickens,Politics,1922,50
1900154,Distant and Power,Jane Tolstoy,Self Help,1958,89
2000155,Forgotten under Power,Rohan Iyengar,Children,2023,83
1900156,Lonely over Mirror,Ursula Borges,Economics,1921,58
1900157,Wandering between Voices,Aditya Steinbeck,Philosophy,1903,33
1900158,Frozen and Fire, King,Sociology,1993,47
1900159,Final of Chronicle,Herman Bose,Mystery,1977,96
1900160,Twisted under Secrets,Anita Huxley,Non-Fiction,1929,94
2000161,Eternal from Mirror,Vikas Murakami,Fiction,2014,62
1900162,Hidden to Dreams,Deepak Kapoor,Children,1933,45
1900163,Shattered over Mirror,Charles Orwell,Children,1929,35
1900164,Fading from Power,Aditya Sharma,Science Fiction,1925,75
1900165,Cursed of Storm,James Iyengar,Sociology,1946,72
1900166,Unseen and Kingdom,Prakash Dostoevsky,Young,1959,62
1900167,Rising beyond Truth,Fyodor Asimov,Psychology,1985,75
1900168,Secret beyond Night,Anand Malhotra,Biography,1998,71
1900169,Restless between Stars,Neha Shetty,Mystery,1963,53
1900170,Final in Secrets,Stephen ConanDoyle,Thriller,1943,27
1900171,Rising and Voices,George Bhat,Economics,1941,18
1900172,Frozen and Night,Nikhil Bronte,Non-Fiction,1928,39
1900173,Rising of Light,Jane Mehta,Young,1901,79
1900174,Golden from Legacy,Priya Singh,Psychology,1960,28
1900175,Cursed to Chronicle,Amit Christie,Young,1916,46
1900176,Rising in Time,Neil Rao,Psychology,1952,59
1900177,Crimson and Shadows,Mahesh Joyce,Fiction,1913,47
2000178,Sacred over Fire,Pooja Singh,Thriller,2020,1
1900179,Secret over Fate,James Tolstoy,Thriller,1976,100
1900180,Cursed between Empire,George Morrison,Mystery,1994,27
1900181,Twisted to Kingdom,Ashok Das,Romance,1976,5
1900182,Lonely beyond Time,James Borges,Fiction,1962,38
2000183,Timeless over Secrets,Neil Rao,Fantasy,2003,72
1900184,Ancient within Path,Ananya Asimov,Self Help,1922,94
2000185,Broken of Mirror,Mark Vonnegut,Romance,2004,53
1900186,Sacred to Time,Stephen Shetty,Thriller,1940,46
1900187,Cursed of Secrets,Jane Atwood,Mathematics,1953,37
1900188,Restless between Path,William Patel,Mystery,1929,30
1900189,Fallen in Dreams,George Rao,Science Fiction,1993,46
1900190,Infinite of Blood,Deepak Bhat,Romance,1933,26
1900191,Fading between Silence,Leo Bose,Adventure,1975,29
1900192,Infinite of Echoes,Toni Nair,Romance,1903,93
1900193,Eternal in Path,Aditya Austen,Physics,1998,26
1900194,Eternal in Dreams,Oscar Atwood,Science Fiction,1988,26
1900195,Silent within Path,Charles Vonnegut,Fiction,1917,30
1900196,Hollow from Storm,Oscar Coelho,Fantasy,1925,92
1900197,Unseen between Empire,Kurt Kulkarni,Drama,1902,19
1900198,Silent from Myth,Ananya Bronte,Fantasy,1967,50
1900199,Fading beyond Storm, Dickens,Economics,1946,13
2000200,Golden and Silence,Ray Iyer,Fiction,2023,91
1900201,Hollow under Truth,Neil Twain,Economics,1907,74
1900202,Sacred beyond Silence,Deepak Kulkarni,Children,1937,54
1900203,Twisted in Darkness,Aditya Iyer,Mathematics,1919,66
1900204,Secret to Fire,Neha Iyer,Non-Fiction,1912,37
1900205,Golden beyond Hope,Rajesh Pillai,Horror,1909,23
1900206,Midnight in Fire,Franz Melville,Young,1903,81
2000207,Hollow between Kingdom,Rahul Verma,Biography,2021,69
2000208,Eternal and Voices,Neha Kapoor,Technology,2022,4
2000209,Lost within Journey,Shreya Kafka,Adventure,2000,53
1900210,Lonely between Path, Khanna,Technology,1946,61
1900211,Lonely to Fire,Prakash Gupta,Young,1999,49
1900212,Eternal within Power,Vikas Bradbury,Autobiography,1957,78
1900213,Sacred and Night,Vikas Woolf,Politics,1965,74
1900214,Twisted within Echoes,Aarav Patel,Physics,1962,8
1900215,Unseen under Worlds,Nikhil Sharma,Non-Fiction,1930,24
1900216,Final in Memory,Ray Vonnegut,Philosophy,1904,68
1900217,Burning in Fire,Vikas Gupta,Fiction,1911,40
1900218,Fallen beyond Empire,Ray Christie,Politics,1920,59
1900219,Restless under Empire,Toni Bradbury,Self Help,1953,64
1900220,Wandering under Horizon,Suresh Chatterjee,Drama,1992,70
2000221,Wandering of Darkness,Shreya Kulkarni,Mystery,2021,68
1900222,Timeless to Memory,Fyodor Wilde,Chemistry,1985,2
1900223,Secret within Light,Pooja Asimov,Education,1908,58
1900224,Silent between Shadows,Ursula Bhat,Young,1917,99
1900225,Hollow over Blood,Nikhil Nair,Science Fiction,1909,90
2000226,Cursed in Path,Arjun Asimov,Sociology,2013,12
1900227,Twisted to Horizon,Sunil Deshmukh,Autobiography,1953,13
1900228,Shattered from Path,Anita Reddy,Mystery,1954,25
1900229,Fallen over Hope,Nikhil ConanDoyle,Young,1901,57
1900230,Lost to Mirror,Stephen Ghosh,Fiction,1936,19
1900231,Hidden of Journey,Deepak ConanDoyle,Self Help,1942,63
1900232,Lost within Worlds,Franz Bradbury,Psychology,1937,34
2000233,Crimson in Memory,Rahul Asimov,Thriller,2007,11
2000234,Fallen under Power,Ursula Morrison,Horror,2004,69
1900235,Midnight from Kingdom,Aldous Murakami,Mathematics,1921,86
1900236,Hollow in Storm,Oscar Wilde,Non-Fiction,1904,35
1900237,Secret between Ashes,Aditya Kafka,Science Fiction,1935,74
1900238,Burning between Night,Jorge Dostoevsky,Science Fiction,1910,63
2000239,Ancient between Empire,Nikhil Bradbury,Physics,2011,20
1900240,Frozen from Power,Prakash Das,Mathematics,1960,88
1900241,Forgotten over Memory,Ursula Orwell,Non-Fiction,1967,59
1900242,Broken to Fate,Arjun Pawar,Biography,1923,57
2000243,Distant over Memory,Neha Iyer,Education,2024,51
1900244,Frozen over Journey,Stephen Vonnegut,Romance,1902,9
1900245,Twisted within Light,Amit LeGuin,Horror,1948,98
2000246,Fallen to Night,Emily Pillai,Biography,2002,22
1900247,Lonely of Chronicle,Arjun Dostoevsky,Economics,1971,87
1900248,Twisted over Myth,Jorge Austen,Children,1983,97
1900249,Restless and Shadows,Ashok Shakespeare,Sociology,1928,75
1900250,Lonely from Time,Anita Reddy,Non-Fiction,1927,24
1900251,Broken of Memory,Margaret Borges,Poetry,1933,58
2000252,Fallen from Night,Manoj Gaiman,Programming,2015,74
2000253,Wandering to Memory,Toni Steinbeck,Mathematics,2022,30
1900254,Hidden and Blood,Aarav King,Mathematics,1925,37
1900255,Final under Secrets,Gabriel Nair,Programming,1933,79
2000256,Rising under Power,Ananya Menon,Psychology,2006,78
1900257,Rising over Hope, Kapoor,Mathematics,1907,18
1900258,Dark and Power,Oscar Verma,Historical,1918,66
1900259,Ancient over Night,Meera Gupta,Poetry,1944,81
1900260,Hidden in Power,Neil Twain,Fantasy,1919,38
1900261,Golden of Ashes,Sunil Kulkarni,Historical,1974,84
2000262,Sacred between Fire,Herman LeGuin,Autobiography,2025,95
2000263,Fading from Mirror,Ravi Melville,Biology,2007,21
1900264,Midnight from Ashes,William Marquez,Chemistry,1902,66
1900265,Hidden to Journey,Virginia Kafka,Programming,1917,60
1900266,Restless beyond Silence,Kiran Rao,Mathematics,1927,31
1900267,Lonely over Memory,Manoj LeGuin,Non-Fiction,1978,39
1900268,Ancient under Stars,Leo Mehta,Adventure,1931,93
2000269,Restless between Secrets,Gabriel Shetty,Self Help,2013,94
2000270,Forgotten over Voices,Mark Menon,Technology,2014,68
1900271,Forgotten under Fire,Fyodor Atwood,Thriller,1919,26
1900272,Unseen from Journey,Mahesh Das,Chemistry,1922,77
1900273,Crimson from Silence,Ernest King,Philosophy,1972,26
1900274,Forgotten in Darkness,Jorge Tolstoy,Children,1985,16
1900275,Burning of Shadows,Gabriel Das,Biology,1955,100
1900276,Crimson to Ashes,Ashok Coelho,Politics,1988,52
1900277,Lonely between Kingdom,Gabriel Gaiman,Biology,1961,75
1900278,Restless over Kingdom,Aarav Deshmukh,Historical,1988,76
1900279,Fading of Night,Aditya Menon,Biology,1908,23
1900280,Silent under Kingdom,William Bose,Children,1938,79
1900281,Restless over Empire,Ursula Joshi,Education,1961,54
1900282,Final from Ashes,Rahul Wilde,Science Fiction,1992,100
1900283,Final from Myth,Isaac Bronte,Young,1920,84
2000284,Fallen beyond Blood,Mahesh Sharma,Business,2025,70
2000285,Fading from Ashes,Aldous Singh,Chemistry,2023,59
1900286,Final under Echoes,Priya Chatterjee,Horror,1912,28
1900287,Secret over Fate,Manoj Woolf,Poetry,1956,55
1900288,Hollow beyond Secrets,Aldous Bronte,Drama,1946,24
2000289,Forgotten in Journey,Priya Mehta,Education,2022,38
1900290,Twisted under Silence,Anita Shetty,Chemistry,1984,16
1900291,Sacred of Mirror,Kurt Coelho,Romance,1919,28
1900292,Hollow over Storm,Ray Iyengar,Mystery,1976,59
2000293,Crimson and Myth,Toni Marquez,Science Fiction,2027,95
2000294,Midnight beyond Journey, Melville,Chemistry,2008,75
1900295,Fading in Storm,Pooja Singh,Chemistry,1918,51
1900296,Silent over Empire,Aditya Marquez,Biography,1950,13
1900297,Secret in Path,Herman LeGuin,Biography,1920,17
1900298,Fallen from Blood,Amit King,Philosophy,1987,6
1900299,Distant in Dreams,Vivek Shakespeare,Programming,1998,19
1900300,Fallen in Journey,Ravi Atwood,Business,1902,43
1900301,Broken of Empire,Toni Joyce,Economics,1918,82
1900302,Lost and Horizon,Aldous Kapoor,Poetry,1990,25
1900303,Eternal in Light,Amit King,Non-Fiction,1904,21
1900304,Distant beyond Echoes,Arjun Kafka,Politics,1942,29
1900305,Dark between Journey,Kiran Joyce,Biography,1921,48
1900306,Timeless from Storm,Ishaan Pillai,Horror,1905,4
1900307,Hidden in Path,Aldous Hemingway,Biography,1950,93
1900308,Hidden of Journey,Emily Chatterjee,Fiction,1995,67
1900309,Hidden beyond Stars,Prakash Tolstoy,Biography,1904,68
1900310,Fallen to Empire,Emily Singh,Sociology,1949,67
2000311,Silent from Legacy,Aarav Rao,Self Help,2024,27
1900312,Midnight beyond Dreams,Rahul Orwell,Self Help,1926,8
1900313,Ancient under Secrets,Priya Reddy,Fantasy,1912,5
2000314,Unseen of Kingdom,Aditya Hemingway,Philosophy,2023,89
1900315,Forgotten over Shadows,Ursula ConanDoyle,Horror,1950,3
1900316,Golden from Darkness,Fyodor Deshmukh,Politics,1931,22
1900317,Ancient over Stars,Ray Huxley,Sociology,1936,85
1900318,Lost of Night,Fyodor Asimov,Politics,1979,35
2000319,Cursed under Silence,Aarav Bose,Science Fiction,2005,48
2000320,Fading within Blood,Ravi Malhotra,Education,2024,67
1900321,Ancient over Time,Vikas Pawar,Fantasy,1908,46
1900322,Twisted over Chronicle,Fyodor Chatterjee,Sociology,1990,57
1900323,Lonely of Voices,Manoj Christie,Business,1912,84
1900324,Rising within Storm,James Bose,Physics,1903,84
1900325,Secret from Kingdom,Neil King,Fantasy,1962,17
1900326,Final over Secrets,Kiran Menon,Non-Fiction,1922,23
1900327,Fading from Legacy,Suresh Marquez,Adventure,1961,13
1900328,Crimson and Worlds,Franz Banerjee,Physics,1981,73
1900329,Shattered under Shadows,Charles Pillai,Chemistry,1922,78
1900330,Forgotten within Journey,Shreya Mehta,Historical,1963,89
2000331,Restless over Secrets,Ashok Shetty,Business,2013,92
1900332,Dark under Silence,Neha Chatterjee,Non-Fiction,1974,13
1900333,Infinite of Power,Aditya Reddy,Chemistry,1937,29
1900334,Unseen of Ashes,Kiran Asimov,Science Fiction,1998,66
1900335,Ancient in Hope,Deepak Pillai,Business,1997,96
1900336,Restless within Blood,Rohan Hemingway,Children,1924,10
1900337,Sacred from Power,Paulo Asimov,Biology,1972,58
1900338,Infinite to Secrets,Prakash Reddy,Poetry,1973,16
1900339,Unseen from Night,Neil Bhat,Autobiography,1916,27
1900340,Restless to Journey,Manoj Mehta,Biology,1950,18
1900341,Infinite and Ashes,Ray Iyer,Children,1937,36
1900342,Twisted over Blood,Ananya Bose,Thriller,1916,53
1900343,Final between Hope,Ursula Austen,Young,1970,63
1900344,Shattered beyond Mirror,Sanjay Bhat,Children,1980,14
1900345,Fallen beyond Path,Rahul Mehta,Technology,1941,92
1900346,Ancient beyond Horizon,Ray Kumar,Philosophy,1922,82
1900347,Lonely over Horizon,Kavita Bhat,Education,1923,77
2000348,Forgotten and Light,Stephen Hemingway,Thriller,2019,26
1900349,Cursed to Time,Isaac Steinbeck,Chemistry,1913,70
1900350,Rising to Silence,Ernest Menon,Drama,1903,91
1900351,Burning and Light,Sanjay Woolf,Biography,1990,89
2000352,Restless beyond Worlds,Meera Menon,Sociology,2015,1
1900353,Midnight in Fire,Ursula Gupta,Mathematics,1973,38
1900354,Midnight under Blood,Suresh Hemingway,Psychology,1969,87
1900355,Restless between Empire,Ernest Kapoor,Biography,1952,11
1900356,Cursed in Darkness,Charles Mukherjee,Technology,1990,77
1900357,Wandering over Myth,Rohan LeGuin,Fiction,1941,48
1900358,Golden under Legacy,Pooja Shetty,Biography,1923,100
1900359,Golden from Chronicle,Virginia Christie,Business,1912,71
1900360,Twisted beyond Fire,Rahul Bose,Psychology,1905,40
1900361,Fading of Silence,Nikhil Dickens,Thriller,1956,71
2000362,Fading to Mirror,Sanjay Huxley,Biology,2017,76
1900363,Sacred beyond Kingdom,Anand Sharma,Fantasy,1923,16
1900364,Lonely from Ashes,Meera Kumar,Biography,1926,99
1900365,Broken within Empire,Toni Murakami,Philosophy,1976,1
1900366,Fallen beyond Myth,Margaret Iyengar,Economics,1941,84
1900367,Lonely and Darkness,Anita Kapoor,Chemistry,1976,51
1900368,Hidden within Storm,Paulo Nair,Non-Fiction,1902,14
1900369,Hollow in Shadows,Pooja Chatterjee,Biology,1902,48
1900370,Restless to Hope,Rahul Iyengar,Non-Fiction,1966,80
2000371,Lonely under Blood,Ray Melville,Sociology,2009,96
2000372,Final of Memory,Herman Vonnegut,Philosophy,2014,1
1900373,Crimson from Power,Gabriel Banerjee,Technology,1964,45
1900374,Infinite beyond Silence,Ray Shetty,Biology,1926,67
1900375,Distant within Silence,Toni Dostoevsky,Adventure,1905,59
2000376,Unseen over Mirror,Ravi Mukherjee,Physics,2004,59
1900377,Infinite in Light,Stephen Huxley,Poetry,1954,76
1900378,Frozen of Darkness,Priya Pawar,Politics,1978,11
2000379,Eternal over Hope,Anand LeGuin,Non-Fiction,2002,36
1900380,Secret over Dreams,Neha Kafka,Biology,1937,10
1900381,Crimson within Hope,Stephen Singh,Economics,1989,12
1900382,Dark under Worlds,Kiran Murakami,Drama,1971,22
1900383,Broken between Ashes,John Wilde,Science Fiction,1941,6
1900384,Wandering under Voices,Leo Hemingway,Self Help,1954,92
2000385,Restless in Dreams,Anita Huxley,Mathematics,2000,10
1900386,Shattered of Truth,Emily Patel,Poetry,1952,1
1900387,Wandering to Silence,Arjun Morrison,Biology,1945,38
2000388,Infinite to Darkness,Jane Bradbury,Children,2010,66
1900389,Broken between Myth,Mahesh Woolf,Thriller,1995,51
1900390,Restless over Myth,Isaac Twain,Science Fiction,1915,68
1900391,Shattered beyond Silence,Oscar Gaiman,Mystery,1935,20
2000392,Wandering under Darkness,Kavita Kafka,Mathematics,2007,12
1900393,Lonely within Mirror,Paulo Bhat,Politics,1924,61
1900394,Unseen of Memory,Priya Gaiman,Fantasy,1922,94
2000395,Silent of Journey,Anand Bhat,Self Help,2018,24
1900396,Broken from Stars,George Chatterjee,Science Fiction,1913,29
1900397,Frozen over Hope,Stephen Murakami,Horror,1937,60
1900398,Wandering under Mirror,Paulo Kafka,Biography,1980,77
1900399,Hidden from Storm,William Austen,Fiction,1999,46
1900400,Restless under Legacy,Leo Singh,Sociology,1905,39
2000401,Secret within Legacy,Haruki Murakami,Fiction,2000,50
1900402,Rising within Echoes,Kurt Banerjee,Self Help,1917,91
2000403,Forgotten from Ashes,James Nair,Biology,2007,30
1900404,Eternal beyond Path,Ursula Wilde,Technology,1965,12
2000405,Timeless in Stars,Ursula Khanna,Programming,2020,89
2000406,Timeless between Shadows,William Marquez,Young,2007,5
1900407,Hidden over Voices,Kavita Marquez,Romance,1989,11
1900408,Rising between Dreams,Priya Gaiman,Mathematics,1902,73
1900409,Unseen beyond Truth,Amit Twain,Autobiography,1982,87
1900410,Crimson in Myth,Jane Sharma,Children,1965,3
1900411,Broken and Myth,Ishaan Das,Psychology,1962,42
1900412,Secret within Blood,Ursula Morrison,Historical,1971,70
1900413,Wandering from Shadows,Ravi ConanDoyle,Mathematics,1939,38
1900414,Wandering to Path,Meera Rao,Psychology,1958,57
2000415,Ancient beyond Voices,Neha Atwood,Thriller,2013,27
1900416,Timeless in Memory,Rohan Bradbury,Programming,1996,98
2000417,Hollow between Stars,Neha Deshmukh,Fantasy,2016,59
1900418,Sacred within Blood,Aditya Kafka,Horror,1972,27
1900419,Silent in Kingdom,Rohan Das,Physics,1925,62
1900420,Frozen beyond Legacy,George Sharma,Drama,1995,79
2000421,Final of Ashes,Charles Wilde,Philosophy,2027,85
1900422,Hidden over Time,Aarav Atwood,Non-Fiction,1931,56
1900423,Broken and Storm,Charles Singh,Drama,1929,90
1900424,Frozen within Horizon,Kiran Chatterjee,Historical,1932,83
1900425,Lonely to Path,George Vonnegut,Mystery,1988,42
1900426,Ancient and Worlds,Vivek Banerjee,Biography,1968,9
1900427,Unseen under Journey,Ernest Huxley,Mathematics,1946,45
1900428,Shattered beyond Power,Charles Shakespeare,Biography,1973,35
1900429,Unseen and Stars,Aarav Pillai,Economics,1982,68
2000430,Rising to Ashes,Ananya Das,Programming,2021,38
1900431,Unseen under Stars,Prakash Vonnegut,Philosophy,1973,77
1900432,Fallen within Light,Anand Mukherjee,Romance,1964,11
1900433,Dark within Truth,Nikhil Kumar,Mystery,1912,92
1900434,Lost under Chronicle,Emily Orwell,Economics,1980,15
1900435,Cursed beyond Fire,Vivek Verma,Drama,1943,59
1900436,Hollow under Power,Kurt Morrison,Education,1963,11
2000437,Cursed beyond Path,Mahesh Bhat,Fiction,2007,98
1900438,Cursed over Blood,Arthur Mukherjee,Drama,1935,28
1900439,Rising of Truth,Aditya Singh,Physics,1998,15
1900440,Forgotten between Legacy,Suresh Singh,Mystery,1962,50
1900441,Fallen within Time,Aarav Christie,Adventure,1929,86
1900442,Lost over Secrets,Stephen Mehta,Philosophy,1916,56
1900443,Frozen under Worlds,Isaac Chatterjee,Non-Fiction,1961,24
1900444,Hidden beyond Darkness,Pooja Bhat,Drama,1903,2
1900445,Broken under Light,Charles Menon,Chemistry,1926,43
2000446,Eternal and Chronicle,Pooja Mukherjee,Physics,2026,28
1900447,Broken of Empire,Ashok Nair,Physics,1989,84
1900448,Rising in Storm,Sunil Vonnegut,Education,1922,53
1900449,Burning from Shadows,Shreya Woolf,Physics,1929,11
1900450,Broken over Kingdom,Suresh Kafka,Historical,1931,28
1900451,Cursed and Fire,Kurt Banerjee,Philosophy,1921,77
1900452,Silent of Horizon,Kiran Shetty,Mathematics,1981,48
1900453,Secret under Shadows,Ursula Wilde,Historical,1944,84
2000454,Lonely to Horizon,Shreya Dostoevsky,Self Help,2004,28
1900455,Timeless to Journey,Virginia Dickens,Non-Fiction,1929,76
1900456,Shattered from Shadows,Haruki Malhotra,Fantasy,1973,51
1900457,Fading within Path,Vikas Asimov,Horror,1923,43
1900458,Restless between Echoes,Agatha Vonnegut,Economics,1928,16
1900459,Unseen to Storm,Ishaan Bradbury,Fiction,1996,5
2000460,Secret between Horizon,Isaac Ghosh,Science Fiction,2004,9
2000461,Frozen to Horizon,Fyodor Coelho,Sociology,2013,88
1900462,Secret under Mirror,Margaret Dickens,Politics,1964,99
1900463,Midnight to Echoes,Anand Ghosh,Biology,1926,40
1900464,Fallen in Worlds,Rohan Vonnegut,Business,1987,96
1900465,Eternal between Worlds,Fyodor Nair,Fantasy,1927,38
1900466,Rising beyond Chronicle,Anita Shetty,Politics,1938,11
1900467,Eternal and Dreams,Kurt Kumar,Horror,1975,76
1900468,Twisted and Memory,Stephen Dostoevsky,Technology,1909,30
1900469,Golden and Echoes,William Shakespeare,Biology,1956,35
1900470,Wandering under Memory, Kapoor,Poetry,1999,98
1900471,Infinite under Hope,Nikhil Morrison,Biology,1964,67
1900472,Unseen beyond Blood,Franz Bradbury,Non-Fiction,1959,56
1900473,Hidden to Empire,Kavita Iyer,Science Fiction,1955,37
1900474,Fading to Journey,Kurt Tolstoy,Fiction,1992,97
1900475,Fading under Mirror,Charles Joshi,Technology,1908,79
2000476,Dark in Horizon,Stephen Hemingway,Autobiography,2012,2
1900477,Timeless and Time,Jane Joyce,Biography,1978,25
1900478,Restless within Secrets,Haruki Murakami,Education,1951,96
2000479,Wandering from Stars,Haruki Iyengar,Politics,2026,69
2000480,Crimson to Chronicle,Kurt Pillai,Drama,2018,15
2000481,Distant within Secrets,Prakash LeGuin,Sociology,2022,31
1900482,Forgotten beyond Fate,Haruki Kulkarni,Romance,1990,2
1900483,Hollow beyond Memory,Vikas Twain,Biology,1967,80
1900484,Sacred beyond Shadows,Kurt Dickens,Physics,1993,33
1900485,Fallen within Voices,Anand Melville,Economics,1904,7
1900486,Unseen over Echoes,William Reddy,Thriller,1910,13
1900487,Broken over Hope,Mark ConanDoyle,Young,1965,42
1900488,Timeless over Voices,Arjun ConanDoyle,Technology,1906,42
2000489,Distant and Ashes,Virginia Das,Business,2016,60
1900490,Midnight over Kingdom,Vikas Menon,Thriller,1965,75
1900491,Wandering between Fire,Arthur Dickens,Chemistry,1942,69
1900492,Twisted of Secrets,Charles Gupta,Mathematics,1915,83
1900493,Lost in Truth,Anita Shetty,Philosophy,1936,47
1900494,Cursed under Fire,Ashok Bronte,Non-Fiction,1973,89
2000495,Lonely over Voices, Vonnegut,Physics,2020,31
2000496,Secret beyond Fate,Amit Das,Business,2002,20
1900497,Restless over Memory,Emily Morrison,Children,1949,48
1900498,Frozen within Stars,Leo Malhotra,Autobiography,1947,11
2000499,Final over Horizon,Aldous Steinbeck,Politics,2010,14
1900500,Timeless from Secrets,Kiran Reddy,Non-Fiction,1966,97
1900501,Forgotten within Power,Mahesh Morrison,Mathematics,1902,27
1900502,Unseen between Path,Anand Joshi,Historical,1976,12
1900503,Broken beyond Secrets,Anand Khanna,Biography,1920,62
1900504,Lonely of Light,Margaret Kafka,Biography,1927,49
1900505,Sacred in Fate,Kurt Murakami,Horror,1964,36
1900506,Restless beyond Truth,Meera Sharma,Science Fiction,1966,90
1900507,Broken to Fire,Neil Kulkarni,Self Help,1959,1
1900508,Midnight under Night,Pooja Kafka,Horror,1955,66
2000509,Shattered between Kingdom,Ravi Dostoevsky,Biography,2003,79
2000510,Broken between Ashes,Aldous Nair,Autobiography,2017,55
2000511,Distant and Shadows,Isaac Sharma,Historical,2025,82
1900512,Sacred between Horizon,George Murakami,Philosophy,1932,50
1900513,Wandering within Worlds,Prakash Kafka,Young,1949,47
1900514,Infinite between Journey,Oscar Iyer,Romance,1926,76
1900515,Timeless over Blood,Neil Steinbeck,Mathematics,1965,68
1900516,Shattered under Blood,Aarav Murakami,Poetry,1942,98
1900517,Dark in Shadows,Suresh Pillai,Education,1938,85
1900518,Silent and Kingdom,Mark Morrison,Horror,1935,73
1900519,Hollow between Darkness,Herman Murakami,Drama,1943,16
2000520,Shattered beyond Empire,Ernest Shakespeare,Autobiography,2014,54
1900521,Broken from Blood,Arjun Banerjee,Non-Fiction,1917,89
1900522,Broken to Truth,Haruki ConanDoyle,Historical,1983,49
1900523,Forgotten over Fire,Stephen Singh,Science Fiction,1946,66
1900524,Distant between Silence,Margaret Borges,Technology,1992,53
1900525,Broken within Light,Kavita Dickens,Young,1911,11
1900526,Cursed under Night,Deepak Wilde,Education,1948,2
1900527,Rising beyond Empire,Pooja Patel,Education,1904,46
1900528,Midnight over Legacy,John ConanDoyle,Physics,1919,81
2000529,Shattered within Time,Charles Kafka,Technology,2011,19
1900530,Infinite between Legacy,Suresh Joyce,Romance,1913,74
1900531,Unseen of Journey,Pooja Marquez,Chemistry,1948,67
1900532,Sacred over Journey,James Asimov,Horror,1911,8
2000533,Hidden between Myth,John Shetty,Drama,2001,72
2000534,Rising beyond Darkness,Suresh Orwell,Biography,2026,66
2000535,Rising and Path,Ray Asimov,Historical,2023,30
2000536,Fallen beyond Dreams,Jorge Shakespeare,Philosophy,2026,63
1900537,Wandering and Darkness,Vikas Borges,Psychology,1989,11
2000538,Final of Empire,Amit Twain,Psychology,2000,30
2000539,Silent under Blood,Shreya Pawar,Philosophy,2019,55
2000540,Sacred between Time,Shreya Sharma,Mathematics,2014,22
1900541,Golden within Night,Jane Gupta,Poetry,1903,100
2000542,Burning from Horizon,Gabriel LeGuin,Sociology,2005,70
2000543,Rising from Night,Shreya Morrison,Romance,2025,14
1900544,Final from Dreams, Bose,Horror,1951,52
1900545,Restless between Light,Aldous Atwood,Non-Fiction,1993,55
2000546,Broken within Journey,William Malhotra,Adventure,2023,14
1900547,Frozen to Darkness,Neil Iyengar,Self Help,1948,35
1900548,Eternal and Myth,Aditya Chatterjee,Fantasy,1985,71
1900549,Frozen under Journey,Kavita Pillai,Economics,1950,12
1900550,Dark within Ashes,John Tolstoy,Biology,1983,69
2000551,Eternal within Darkness,Ishaan Gaiman,Mathematics,2020,94
1900552,Lonely to Chronicle,Ursula Joshi,Education,1951,49
1900553,Sacred of Echoes,Neha Twain,Romance,1913,26
2000554,Fading of Memory,Suresh Hemingway,Biology,2011,4
1900555,Rising over Horizon,Haruki Coelho,Education,1911,58
2000556,Ancient beyond Night,Meera Marquez,Philosophy,2010,79
1900557,Golden under Mirror,Ravi Das,Chemistry,1967,7
1900558,Dark beyond Truth,Shreya Patel,Non-Fiction,1924,35
1900559,Burning to Secrets,Suresh Shakespeare,Biology,1994,80
2000560,Timeless between Echoes,Gabriel Hemingway,Mathematics,2018,73
2000561,Wandering from Light,Suresh Naidu,Poetry,2015,81
1900562,Lost under Journey,Pooja LeGuin,Children,1992,66
1900563,Shattered from Mirror,Ray Dostoevsky,Romance,1952,96
2000564,Fallen between Dreams,Toni Patel,Non-Fiction,2026,59
1900565,Unseen to Light,Ishaan Bradbury,Mystery,1903,65
1900566,Burning in Fire,Paulo Huxley,Programming,1923,89
1900567,Sacred in Truth,Jorge Kafka,Non-Fiction,1925,66
1900568,Ancient over Fire, Dostoevsky,Business,1902,56
1900569,Distant over Path,Neha Hemingway,Children,1932,26
2000570,Hidden from Fire,Prakash Tolstoy,Historical,2000,47
1900571,Hidden in Fire,Margaret Vonnegut,Philosophy,1992,2
1900572,Forgotten to Night,Jane Borges,Poetry,1968,34
1900573,Forgotten and Dreams,William Nair,Economics,1965,86
1900574,Fallen between Power,Ananya Mehta,Mathematics,1946,37
1900575,Ancient in Voices,Kurt Sharma,Horror,1925,99
1900576,Secret and Memory,Kiran Deshmukh,Thriller,1981,51
1900577,Forgotten in Ashes,Priya King,Non-Fiction,1935,19
1900578,Timeless to Kingdom,Kiran Orwell,Biography,1935,75
1900579,Hidden over Truth,Jorge Bradbury,Thriller,1948,43
2000580,Frozen from Echoes,Nikhil Asimov,Poetry,2024,48
1900581,Dark and Night,James Naidu,Non-Fiction,1975,86
1900582,Golden and Ashes,Neha Joyce,Sociology,1960,33
1900583,Fallen in Chronicle,Kavita Shetty,Economics,1976,72
2000584,Broken under Echoes,Ashok Asimov,Philosophy,2000,57
1900585,Silent within Truth,Ravi Coelho,Self Help,1908,67
1900586,Distant to Worlds,Rahul Coelho,Fiction,1957,99
1900587,Final between Myth,George Morrison,Children,1995,75
2000588,Sacred over Mirror,Ravi Iyengar,Sociology,2003,93
2000589,Restless to Power,Rohan Bradbury,Poetry,2012,30
1900590,Golden under Truth,Gabriel Huxley,Education,1933,16
1900591,Broken within Blood,Margaret Ghosh,Romance,1935,63
1900592,Wandering and Blood,Toni Sharma,Mathematics,1953,26
1900593,Silent from Dreams,Rohan King,Programming,1993,95
1900594,Forgotten from Power,Aldous Kafka,Programming,1965,82
1900595,Broken to Secrets,Ray Malhotra,Children,1924,66
1900596,Forgotten within Empire,Paulo Murakami,Mathematics,1966,46
2000597,Ancient under Secrets,Ursula Nair,Psychology,2024,1
1900598,Timeless and Blood,Manoj Malhotra,Fantasy,1955,43
1900599,Shattered from Chronicle,Vikas Bradbury,Philosophy,1910,34
1900600,Burning within Time,Franz Shetty,Technology,1973,26
1900601,Infinite and Hope,Franz Ghosh,Technology,1955,41
1900602,Broken in Fate,Fyodor Nair,Adventure,1995,36
1900603,Infinite between Horizon,Virginia Hemingway,Biology,1909,36
1900604,Infinite to Shadows,Ernest Sharma,Sociology,1976,98
1900605,Unseen of Dreams,Arthur Khanna,Mathematics,1966,64
1900606,Timeless in Power,Sunil Morrison,Economics,1998,17
2000607,Secret to Truth,William Hemingway,Science Fiction,2012,96
1900608,Ancient over Time,Margaret Mukherjee,Thriller,1925,41
1900609,Fading over Truth,Ashok Huxley,Young,1929,99
1900610,Lonely under Mirror,Margaret Orwell,Self Help,1947,93
1900611,Hidden in Fate,John Banerjee,Economics,1998,90
1900612,Frozen in Fire,Ursula Joshi,Biology,1966,93
1900613,Lonely from Fire,Mark Naidu,Fiction,1913,1
2000614,Infinite between Shadows,Jane ConanDoyle,Chemistry,2024,26
1900615,Silent and Fire,Amit Joshi,Drama,1969,46
1900616,Final from Legacy,Deepak Singh,Poetry,1937,72
1900617,Distant and Hope,Neil Iyer,Programming,1933,41
1900618,Sacred in Time,Suresh Steinbeck,Poetry,1977,98
1900619,Lonely in Fire,Shreya Austen,Thriller,1978,11
2000620,Broken in Legacy,Aditya Kapoor,Philosophy,2003,55
1900621,Frozen within Fate,Ernest Morrison,Poetry,1946,78
2000622,Sacred of Memory,Meera Murakami,Mystery,2003,10
2000623,Wandering to Mirror,Leo King,Science Fiction,2018,58
2000624,Burning from Echoes,Ravi Banerjee,Business,2011,70
1900625,Sacred from Blood,Aditya Bronte,Economics,1980,57
1900626,Ancient from Memory,Arthur Reddy,Economics,1990,50
2000627,Hollow of Silence,Sunil Pillai,Economics,2026,71
2000628,Golden between Power,Rohan Mukherjee,Non-Fiction,2016,97
2000629,Sacred within Truth,Gabriel Steinbeck,Poetry,2012,78
1900630,Unseen within Fire,Agatha Patel,Economics,1901,57
2000631,Wandering over Memory,Leo LeGuin,Thriller,2013,62
2000632,Cursed from Ashes,Toni Mukherjee,Romance,2011,35
1900633,Shattered in Stars,James Deshmukh,Romance,1960,89
2000634,Final of Ashes,Rajesh Kafka,Science Fiction,2018,61
1900635,Eternal within Myth,Mark Rao,Non-Fiction,1933,91
1900636,Cursed from Darkness,Stephen Iyengar,Chemistry,1943,42
1900637,Timeless between Dreams,Haruki Steinbeck,Mystery,1939,97
1900638,Sacred from Myth,Arjun Shakespeare,Biography,1938,72
1900639,Eternal over Shadows,Vikas Chatterjee,Self Help,1939,37
1900640,Fallen in Myth,Priya Joyce,Fantasy,1943,88
2000641,Twisted within Blood,Meera Bhat,Horror,2010,59
1900642,Broken over Chronicle,Mahesh Tolstoy,Business,1961,27
1900643,Crimson to Time,Sunil Das,Children,1999,37
1900644,Final in Shadows,Neil Huxley,Horror,1972,66
1900645,Hidden from Secrets,Kiran Orwell,Education,1928,88
1900646,Dark under Time,Arthur Coelho,Business,1955,78
1900647,Twisted under Kingdom,Ananya Orwell,Horror,1904,43
1900648,Eternal within Path,Kiran Bose,Education,1928,92
2000649,Infinite over Dreams, Gupta,Fantasy,2021,78
1900650,Final within Power,Amit Steinbeck,Technology,1979,96
2000651,Frozen to Myth,Prakash Mehta,Business,2018,31
1900652,Frozen of Time,Gabriel Borges,Mathematics,1912,97
1900653,Golden within Legacy,Ananya Asimov,Poetry,1932,45
1900654,Midnight over Mirror,George Kapoor,Sociology,1917,11
2000655,Hollow over Fate,Nikhil Khanna,Young,2017,93
1900656,Secret over Voices,Arjun Joshi,Historical,1965,67
2000657,Shattered in Chronicle,Amit Kafka,Romance,2006,31
1900658,Midnight under Darkness,Aldous Morrison,Business,1974,65
1900659,Crimson within Storm,Vivek Ghosh,Physics,1907,9
1900660,Crimson over Voices,Toni Atwood,Chemistry,1950,76
1900661,Cursed between Voices,John Patel,Psychology,1901,22
1900662,Midnight to Journey,John Patel,Biology,1917,27
2000663,Fading under Truth,Ashok Asimov,Poetry,2010,46
1900664,Dark under Secrets,Rohan Gaiman,Thriller,1928,81
1900665,Midnight of Myth,George Sharma,Non-Fiction,1980,96
1900666,Rising beyond Chronicle,Aditya Menon,Poetry,1973,81
1900667,Distant from Horizon,Nikhil Steinbeck,Business,1966,57
2000668,Silent beyond Path,Aarav Hemingway,Mathematics,2025,62
1900669,Shattered from Truth,Suresh Asimov,Business,1915,15
1900670,Infinite in Empire,Ravi Khanna,Self Help,1926,67
1900671,Crimson over Stars,Haruki Hemingway,Physics,1989,82
1900672,Hollow and Storm,Charles Murakami,Horror,1938,50
1900673,Timeless in Journey,Vivek Bose,Autobiography,1957,96
2000674,Forgotten and Myth,Aarav Vonnegut,Fiction,2012,41
1900675,Fallen within Secrets,John Joshi,Self Help,1986,13
1900676,Restless within Blood,Ray Coelho,Education,1942,99
1900677,Restless to Stars,Ray Dickens,Romance,1922,74
1900678,Golden in Light,Prakash Bradbury,Philosophy,1908,82
1900679,Twisted beyond Legacy,Jane Austen,Adventure,1939,29
1900680,Crimson between Echoes,Aarav Melville,Biography,1999,11
1900681,Crimson beyond Path,Ishaan Bhat,Non-Fiction,1950,71
1900682,Infinite beyond Echoes,Aarav Iyer,Autobiography,1992,23
2000683,Midnight under Shadows,Paulo ConanDoyle,Technology,2018,96
2000684,Fading over Fire,Ashok Menon,Programming,2018,11
2000685,Rising beyond Voices,Kavita Joyce,Sociology,2000,97
1900686,Final over Memory,Anita Pawar,Biography,1956,48
1900687,Lonely over Power, Verma,Self Help,1966,64
1900688,Fading and Empire,Nikhil LeGuin,Physics,1978,79
1900689,Hollow from Secrets,Isaac Twain,Thriller,1975,45
1900690,Cursed of Truth,Franz Tolstoy,Fantasy,1942,93
1900691,Fallen of Stars,Charles Coelho,Autobiography,1977,74
1900692,Rising of Night,Vivek Wilde,Children,1933,11
1900693,Secret over Fire,Aditya Steinbeck,Chemistry,1975,99
1900694,Silent within Fate,Ananya Austen,Chemistry,1911,50
1900695,Fading under Silence,Paulo Pillai,Young,1931,82
2000696,Forgotten to Shadows,Prakash Singh,Politics,2002,90
1900697,Wandering over Ashes,Jane Ghosh,Education,1920,59
2000698,Eternal beyond Storm,Shreya Bose,Self Help,2020,30
1900699,Shattered and Hope,Meera Morrison,Thriller,1911,35
2000700,Fading within Shadows,Ananya Deshmukh,Economics,2002,54
1900701,Lost of Mirror,Ray ConanDoyle,Politics,1925,80
1900702,Distant over Ashes,Franz Borges,Technology,1994,62
1900703,Shattered and Secrets,George Austen,Fantasy,1940,95
1900704,Eternal in Night,Gabriel Kumar,Economics,1945,61
1900705,Shattered between Light,Deepak Reddy,Education,1924,4
2000706,Restless and Hope,Anita Joshi,Poetry,2004,30
1900707,Shattered beyond Mirror,Arjun Sharma,Technology,1990,48
1900708,Infinite within Echoes,Priya King,Biology,1910,52
1900709,Twisted to Legacy,Fyodor Menon,Historical,1926,89
1900710,Unseen under Storm,Anand Marquez,Non-Fiction,1916,38
1900711,Frozen of Silence,Margaret Verma,Drama,1977,31
1900712,Distant to Echoes,Oscar Morrison,Biography,1929,59
2000713,Twisted over Power,Kiran Marquez,Biography,2003,52
1900714,Burning of Ashes,Kavita Sharma,Autobiography,1922,42
2000715,Secret and Silence,Mahesh LeGuin,Mystery,2011,100
1900716,Cursed beyond Voices,Haruki Ghosh,Thriller,1970,97
1900717,Distant between Ashes,Emily Tolstoy,Romance,1929,25
1900718,Restless over Journey,Jorge Patel,Mathematics,1901,17
2000719,Crimson of Secrets,Virginia Malhotra,Business,2025,35
1900720,Lonely over Light,Pooja Mehta,Philosophy,1952,36
1900721,Silent between Hope,Gabriel Das,Thriller,1920,95
1900722,Ancient in Hope,Prakash Malhotra,Philosophy,1932,61
2000723,Wandering within Voices,Prakash Pawar,Poetry,2018,95
1900724,Timeless to Power,Agatha Pillai,Fantasy,1992,98
2000725,Final to Voices, ConanDoyle,Programming,2013,36
1900726,Forgotten and Empire,Shreya Deshmukh,Adventure,1912,88
1900727,Fading and Fate,William Bradbury,Thriller,1938,66
2000728,Secret of Hope,Ursula Bradbury,Mathematics,2018,92
1900729,Shattered of Voices,Rahul Hemingway,Biography,1938,74
1900730,Secret within Mirror,Charles Patel,Education,1936,67
1900731,Hidden beyond Kingdom,Kavita Nair,Non-Fiction,1928,18
1900732,Hollow to Night,Arthur Gaiman,Biography,1908,82
2000733,Restless to Chronicle,Rohan Dickens,Autobiography,2002,22
1900734,Silent from Echoes,Charles Marquez,Autobiography,1918,54
1900735,Wandering between Power,Rahul Morrison,Business,1953,72
1900736,Restless from Legacy,Charles Sharma,Fantasy,1993,79
1900737,Eternal within Hope,Virginia Patel,Philosophy,1948,12
1900738,Secret between Stars,Vikas Steinbeck,Programming,1968,24
1900739,Lonely between Power,Manoj Mehta,Drama,1918,71
1900740,Distant within Silence,Ishaan ConanDoyle,Young,1910,89
1900741,Shattered within Journey,Prakash Reddy,Fiction,1973,64
2000742,Midnight between Path,Ravi Patel,Philosophy,2012,39
1900743,Broken within Dreams,Amit Kumar,Poetry,1926,45
2000744,Twisted of Kingdom,Charles Orwell,Fantasy,2003,98
1900745,Lost to Blood,Kavita Patel,Biography,1962,49
1900746,Shattered and Shadows,Aarav Woolf,Physics,1927,13
1900747,Ancient and Light,Leo Coelho,Biography,1903,76
1900748,Dark within Echoes,Leo Reddy,Children,1930,15
2000749,Midnight within Dreams,Manoj Twain,Horror,2004,60
1900750,Golden from Shadows,Ravi Bhat,Romance,1909,15
1900751,Hollow over Blood,Arthur Atwood,Thriller,1968,66
1900752,Burning over Stars,Ursula Mehta,Sociology,1923,100
1900753,Wandering from Shadows,Toni Kapoor,Mystery,1997,77
1900754,Distant and Stars,Vivek Bronte,Psychology,1973,97
1900755,Infinite from Stars, Asimov,Business,1932,69
1900756,Final to Time,William Twain,Chemistry,1905,1
1900757,Sacred beyond Legacy,Amit Coelho,Romance,1919,96
1900758,Rising under Night,Meera Shetty,Economics,1953,34
1900759,Midnight under Journey,James Joshi,Mathematics,1932,94
2000760,Frozen in Legacy,Kiran Austen,Fantasy,2003,17
1900761,Hollow in Storm,Sanjay Rao,Young,1939,69
2000762,Wandering from Empire,Deepak Twain,Non-Fiction,2008,56
1900763,Cursed to Legacy,Ravi Orwell,Self Help,1923,68
2000764,Infinite from Blood,Ashok Pillai,Technology,2024,6
1900765,Unseen within Time,Neil Wilde,Psychology,1923,68
1900766,Unseen from Dreams,Kavita Orwell,Biology,1985,73
1900767,Lost to Horizon,Shreya Patel,Economics,1930,41
1900768,Fading to Fire,Isaac Huxley,Psychology,1986,70
1900769,Silent between Fate,Kavita Rao,Chemistry,1931,16
1900770,Secret over Voices,Ananya Banerjee,Fantasy,1935,86
1900771,Shattered from Storm,William Singh,Horror,1924,11
1900772,Rising between Blood,John Borges,Business,1969,6
1900773,Ancient between Horizon,Toni Pawar,Thriller,1967,58
1900774,Final in Memory,John Joshi,Politics,1975,15
1900775,Golden between Memory, Mehta,Education,1945,35
2000776,Timeless under Fire,Herman Iyer,Education,2002,58
1900777,Golden within Shadows,Ray Steinbeck,Drama,1983,58
1900778,Distant within Myth,Aditya Mukherjee,Biography,1911,68
1900779,Hidden between Worlds,Priya Shetty,Poetry,1978,85
1900780,Unseen of Voices,Vikas Chatterjee,Biology,1926,61
2000781,Midnight under Fire,Kurt Huxley,Young,2002,100
2000782,Fading over Voices,Ravi Christie,Economics,2012,36
1900783,Midnight and Mirror,Vivek Orwell,Drama,1956,21
1900784,Forgotten to Night,James Sharma,Biology,1918,33
1900785,Golden from Empire,Anand Coelho,Romance,1987,20
1900786,Wandering and Time,Ishaan Bradbury,Programming,1971,32
2000787,Broken beyond Myth,Sanjay Joshi,Mathematics,2006,58
1900788,Lost of Horizon,John Gupta,Physics,1960,80
1900789,Midnight between Horizon,Charles Das,Physics,1978,9
1900790,Dark within Mirror,Neil Bose,Children,1939,88
1900791,Broken in Light,Mark Atwood,Historical,1950,93
1900792,Frozen in Memory,Aarav Kapoor,Drama,1988,95
1900793,Crimson of Horizon,Ashok Nair,Historical,1956,8
2000794,Golden of Journey,Priya Nair,Education,2011,24
1900795,Hollow to Voices,Amit Borges,Self Help,1928,83
2000796,Frozen and Dreams,Toni Coelho,Chemistry,2005,22
1900797,Lost in Shadows,Pooja Khanna,Physics,1974,49
1900798,Rising of Hope,Gabriel Hemingway,Historical,1974,12
1900799,Cursed to Horizon,Agatha Ghosh,Science Fiction,1905,97
1900800,Fading over Blood,Neha Banerjee,Children,1958,28
1900801,Fallen of Chronicle,Ursula LeGuin,Thriller,1904,80
1900802,Infinite of Legacy,Kavita Woolf,Self Help,1938,44
1900803,Dark to Mirror,Sunil Huxley,Autobiography,1915,98
1900804,Twisted and Echoes,James Atwood,Mathematics,1994,31
1900805,Sacred beyond Memory,Aditya Bose,Horror,1941,37
1900806,Rising of Fate,Kiran Singh,Chemistry,1959,95
1900807,Restless over Blood,Vikas Sharma,Programming,1935,61
1900808,Restless within Stars,Aldous Mukherjee,Science Fiction,1952,1
1900809,Crimson to Worlds,Aarav Ghosh,Autobiography,1972,75
1900810,Secret from Path,Mahesh Gupta,Poetry,1910,34
2000811,Lonely from Fire,Aditya Iyengar,Biology,2015,21
1900812,Hollow under Hope,Kiran Menon,Children,1994,31
1900813,Fallen under Shadows,Ravi Sharma,Science Fiction,1956,72
1900814,Hidden from Kingdom,Priya Dickens,Chemistry,1989,77
2000815,Rising to Ashes,Emily Bose,Thriller,2020,95
1900816,Golden to Power,Emily Pillai,Fantasy,1970,65
1900817,Golden in Myth,Ashok Melville,Psychology,1921,54
1900818,Final within Hope,Vivek Woolf,Philosophy,1955,28
2000819,Frozen over Empire,Jorge Gupta,Thriller,2018,23
1900820,Forgotten beyond Myth,Kavita Joyce,Horror,1934,99
1900821,Unseen in Legacy,Isaac Deshmukh,Mystery,1969,2
2000822,Golden of Blood,Haruki Wilde,Business,2027,11
2000823,Shattered over Echoes,Prakash Hemingway,Politics,2018,29
2000824,Sacred in Silence,Rajesh Orwell,Sociology,2009,52
2000825,Shattered over Truth,Haruki Singh,Education,2018,19
1900826,Fallen under Silence,Gabriel Deshmukh,Mathematics,1979,37
1900827,Midnight under Darkness,Jorge Rao,Economics,1972,57
2000828,Dark to Mirror,Arthur Coelho,Autobiography,2008,62
1900829,Lonely of Worlds,Mark King,Historical,1933,27
1900830,Ancient to Light,Prakash Singh,Historical,1914,3
1900831,Restless from Mirror,Manoj Christie,Fiction,1909,6
1900832,Secret within Dreams,Prakash Kafka,Poetry,1940,83
2000833,Lonely to Hope,Suresh Twain,Fantasy,2027,64
2000834,Unseen from Voices,Rahul Wilde,Biology,2008,93
1900835,Distant between Voices,Virginia Joshi,Politics,1924,26
2000836,Dark of Horizon,Agatha Menon,Programming,2019,60
1900837,Burning to Mirror, Asimov,Programming,1925,27
2000838,Broken over Chronicle,Kavita Naidu,Economics,2001,75
1900839,Infinite and Horizon,Leo Pawar,Mystery,1931,55
2000840,Hollow in Voices,Virginia Shakespeare,Historical,2017,57
1900841,Eternal in Memory,Vikas Dostoevsky,Horror,1958,96
1900842,Silent to Silence,Emily Khanna,Fiction,1951,9
1900843,Twisted within Shadows,James Austen,Business,1917,50
1900844,Broken over Secrets,Kiran Sharma,Historical,1907,21
2000845,Burning over Light,Ray Joyce,Self Help,2022,71
1900846,Fading in Shadows,Ray King,Adventure,1996,67
1900847,Frozen from Path,Virginia Murakami,Fiction,1940,86
1900848,Final between Shadows,Oscar Banerjee,Autobiography,1985,58
1900849,Eternal from Light, Huxley,Programming,1955,40
1900850,Dark from Dreams,Gabriel Steinbeck,Non-Fiction,1960,80
1900851,Dark of Blood,Toni Iyer,Adventure,1999,97
1900852,Hidden of Time,Kurt Pillai,Psychology,1984,54
1900853,Fading beyond Truth,Oscar Vonnegut,Education,1923,6
1900854,Unseen over Mirror,George Marquez,Chemistry,1996,65
1900855,Shattered between Secrets,Nikhil ConanDoyle,Mathematics,1917,29
1900856,Sacred beyond Silence,Anita Nair,Romance,1968,54
1900857,Unseen under Myth,Gabriel Verma,Chemistry,1906,98
1900858,Sacred of Kingdom,Ishaan Malhotra,Philosophy,1943,22
1900859,Twisted between Fate,John Malhotra,Chemistry,1962,87
1900860,Eternal within Storm,Emily Nair,Fantasy,1935,86
1900861,Forgotten under Dreams,Kiran Nair,Biology,1958,65
1900862,Distant of Darkness,Aditya Malhotra,Physics,1966,75
1900863,Restless beyond Dreams,Paulo Bradbury,Mystery,1972,27
1900864,Distant and Kingdom,Pooja Bradbury,Horror,1964,29
1900865,Timeless of Power,Kurt Iyengar,Romance,1950,100
1900866,Ancient between Storm,Sunil Bose,Psychology,1925,31
1900867,Midnight and Fire,Shreya Pillai,Science Fiction,1980,25
1900868,Shattered and Light,Haruki Twain,Romance,1946,57
1900869,Broken over Dreams,Jane Morrison,Horror,1953,94
2000870,Midnight to Blood,Shreya Singh,Education,2002,52
1900871,Dark beyond Night,Shreya Pawar,Drama,1963,77
1900872,Frozen within Kingdom,Anita Wilde,Thriller,1973,20
1900873,Broken beyond Darkness,Deepak Singh,Horror,1976,18
1900874,Unseen of Secrets,Manoj Hemingway,Business,1941,20
1900875,Ancient in Echoes,Paulo Khanna,Historical,1971,30
1900876,Burning under Mirror,Emily Shakespeare,Programming,1953,27
1900877,Twisted over Chronicle,James Verma,Fiction,1983,95
1900878,Golden within Fate,Toni Joyce,Education,1941,68
1900879,Wandering to Truth,Arthur Woolf,Romance,1999,21
1900880,Rising of Fire,Herman Coelho,Fiction,1993,74
1900881,Cursed within Dreams,James Reddy,Romance,1999,74
2000882,Twisted beyond Voices,Ashok Gaiman,Children,2017,52
1900883,Fallen within Journey,Rahul Huxley,Mathematics,1981,38
2000884,Unseen beyond Echoes,John Kulkarni,Poetry,2019,41
2000885,Timeless to Ashes,Sunil Iyengar,Young,2000,83
2000886,Final and Power,Emily Shakespeare,Autobiography,2004,79
1900887,Lost in Truth,Haruki Woolf,Physics,1933,89
2000888,Crimson under Empire,Fyodor Bradbury,Psychology,2024,95
1900889,Midnight from Voices,Kavita Singh,Romance,1903,10
1900890,Cursed from Light,Paulo Vonnegut,Business,1935,75
1900891,Golden in Kingdom,Rajesh Gaiman,Autobiography,1931,2
1900892,Fallen under Time,Franz Coelho,Biology,1949,90
1900893,Forgotten from Darkness,Mahesh Malhotra,Children,1955,90
1900894,Unseen to Shadows,Neil Iyengar,Drama,1906,22
2000895,Twisted over Journey,George ConanDoyle,Physics,2002,92
1900896,Timeless in Mirror, Verma,Politics,1934,32
1900897,Burning beyond Myth,Isaac Singh,Technology,1962,17
1900898,Fallen and Dreams,Ray Verma,Mystery,1972,85
1900899,Hollow and Journey,Vikas Mehta,Non-Fiction,1992,92
1900900,Fallen beyond Blood,Oscar Morrison,Fantasy,1934,82
1900901,Silent from Echoes,Emily Gaiman,Historical,1927,65
1900902,Midnight in Horizon,Charles Christie,Horror,1994,20
1900903,Eternal beyond Storm,Rahul Menon,Chemistry,1939,90
1900904,Shattered to Blood,Isaac Joyce,Sociology,1978,88
1900905,Lonely from Legacy,Gabriel Bradbury,Drama,1930,67
1900906,Dark beyond Silence,Priya Wilde,Adventure,1911,31
1900907,Shattered in Time,Priya Gupta,Physics,1956,94
1900908,Eternal from Kingdom,Suresh Patel,Politics,1912,45
1900909,Fallen to Truth,Anita Dickens,Mystery,1993,6
1900910,Sacred in Darkness,Deepak Sharma,Drama,1980,77
1900911,Restless and Worlds,Neil Twain,Romance,1975,64
1900912,Wandering under Blood,Virginia Shakespeare,Science Fiction,1902,11
1900913,Lonely within Chronicle,Kurt Steinbeck,Philosophy,1953,52
1900914,Dark from Night,Sanjay Reddy,Self Help,1905,39
1900915,Eternal between Echoes,Pooja Murakami,Programming,1997,12
1900916,Infinite in Mirror,Amit Marquez,Fantasy,1939,88
1900917,Dark in Ashes,Aditya Verma,Thriller,1975,96
1900918,Burning within Dreams,James Kapoor,Economics,1959,49
1900919,Shattered beyond Light,Paulo Austen,Young,1967,5
1900920,Eternal over Truth,Priya Kafka,Technology,1954,37
1900921,Wandering under Night,Haruki Wilde,Business,1915,81
1900922,Forgotten between Night,Agatha Bronte,Fantasy,1986,59
1900923,Wandering over Storm,Ananya King,Politics,1906,64
1900924,Shattered from Storm,Herman Shetty,Psychology,1953,70
1900925,Golden from Memory,Anand Kapoor,Biology,1955,68
2000926,Golden and Fire,Ernest Pawar,Psychology,2023,41
1900927,Lost within Worlds,Aldous Murakami,Physics,1902,61
2000928,Midnight from Worlds,Agatha Bhat,Non-Fiction,2010,18
1900929,Silent beyond Blood,William Dostoevsky,Business,1963,41
1900930,Cursed of Time,Rahul Morrison,Non-Fiction,1929,87
1900931,Shattered in Truth,Paulo Joyce,Fiction,1987,88
2000932,Ancient under Time,Agatha Rao,Romance,2017,67
2000933,Shattered beyond Silence,Jorge Hemingway,Fiction,2007,35
2000934,Golden beyond Voices,Herman LeGuin,Biology,2012,8
2000935,Fallen beyond Horizon,Kavita Das,Biography,2012,24
1900936,Unseen and Light,Neil Ghosh,Horror,1938,87
1900937,Twisted of Horizon,Leo Shetty,Non-Fiction,1978,8
2000938,Timeless between Mirror,Ashok Banerjee,Biography,2019,69
1900939,Eternal beyond Legacy,Arthur Gupta,Non-Fiction,1902,3
1900940,Fading of Hope,James King,Historical,1938,71
1900941,Wandering and Legacy,Sanjay ConanDoyle,Chemistry,1958,66
2000942,Cursed within Echoes,John Kulkarni,Business,2021,22
1900943,Ancient within Truth,Fyodor Woolf,Politics,1901,75
1900944,Broken between Journey,Haruki Tolstoy,Adventure,1994,95
1900945,Infinite from Worlds,Ray Bose,Autobiography,1977,38
1900946,Ancient within Dreams,Neha Kafka,Young,1905,3
1900947,Timeless of Night,Anand Kafka,Biography,1950,13
1900948,Silent in Chronicle,Toni Shetty,Biography,1905,59
2000949,Shattered from Hope,Fyodor Dostoevsky,Sociology,2010,40
2000950,Timeless under Secrets,John Dickens,Adventure,2016,72
1900951,Ancient and Legacy,Mahesh ConanDoyle,Biography,1931,41
1900952,Hidden in Chronicle,Jane King,Poetry,1920,10
1900953,Golden in Journey,Rajesh Kumar,Historical,1975,40
2000954,Cursed under Fate,Amit Twain,Programming,2000,36
1900955,Silent in Memory,Arthur ConanDoyle,Autobiography,1925,2
1900956,Rising beyond Fire,Gabriel Shetty,Non-Fiction,1980,90
1900957,Broken and Voices,Jorge Bronte,Psychology,1989,25
1900958,Rising of Storm,Haruki Malhotra,Horror,1963,28
1900959,Distant and Echoes,James Huxley,Psychology,1956,98
1900960,Unseen of Empire,Ernest Mukherjee,Drama,1969,17
1900961,Restless under Voices,Sunil Sharma,Education,1985,37
1900962,Twisted within Stars,Priya Sharma,Drama,1952,96
1900963,Unseen to Legacy,Ishaan Mehta,Poetry,1999,43
1900964,Lonely and Mirror,Kavita Reddy,Thriller,1970,72
1900965,Fading and Memory,Amit Iyer,Fantasy,1972,2
1900966,Dark within Path,Jane Bhat,Horror,1958,80
1900967,Fallen in Fate,John Kafka,Biology,1965,42
2000968,Twisted from Path,Agatha Ghosh,Children,2013,83
2000969,Frozen from Truth,Ananya Murakami,Fiction,2024,69
1900970,Final over Journey,Jorge Gupta,Self Help,1917,100
1900971,Crimson under Empire,Suresh Bose,Biography,1967,87
1900972,Secret between Fate,Agatha Iyengar,Poetry,1938,33
1900973,Midnight between Power,Neil ConanDoyle,Technology,1911,70
1900974,Crimson to Path,Meera Khanna,Biology,1965,100
1900975,Timeless and Dreams,Priya Malhotra,Autobiography,1934,86
1900976,Lonely beyond Ashes,Oscar Iyer,Historical,1921,92
1900977,Lost within Storm,Ashok Borges,Programming,1977,60
1900978,Wandering of Empire,Leo Vonnegut,Psychology,1927,75
1900979,Sacred within Echoes,Haruki Iyengar,Biography,1998,70
1900980,Broken between Mirror,Ashok Hemingway,Children,1947,82
2000981,Dark under Empire,Kurt Bose,Fantasy,2009,45
1900982,Restless in Mirror,Sunil Orwell,Sociology,1953,42
1900983,Burning to Memory,Leo Kapoor,Drama,1976,57
1900984,Twisted from Empire,Mahesh Dostoevsky,Children,1951,12
1900985,Sacred under Stars,Rohan Joshi,Poetry,1985,51
2000986,Hollow and Time,Ursula Joshi,Romance,2012,69
2000987,Sacred of Secrets,Rohan Deshmukh,Historical,2015,13
1900988,Golden within Ashes,Ray Banerjee,Autobiography,1931,10
1900989,Wandering between Darkness,Ishaan Dostoevsky,Thriller,1963,59
2000990,Fading beyond Hope,Vivek Ghosh,Fiction,2015,12
1900991,Infinite from Memory,Charles Christie,Psychology,1947,31
1900992,Shattered over Dreams,Ray Woolf,Mystery,1968,59
1900993,Timeless under Shadows,William Shetty,Romance,1938,33
1900994,Cursed under Stars,Kavita Sharma,Horror,1947,78
1900995,Twisted over Hope,John King,Education,1934,19
1900996,Twisted within Stars,Manoj Christie,Mystery,1952,61
1900997,Golden under Echoes,John Huxley,Romance,1980,61
1900998,Crimson under Legacy,Aarav Marquez,Programming,1990,65
1900999,Silent in Legacy,Rohan Coelho,Young,1953,72
1901000,Midnight over Ashes,Priya Huxley,Young,1975,70
