"2026-02-04 14:49:51","SORT","mode=TITLE"
"2026-02-04 14:49:51","SORT","mode=YEAR"
"2026-02-04 14:49:51","SORT","mode=TITLE"
"2026-02-04 14:49:51","SORT","mode=COPIES"
"2026-02-05 01:29:44","ADD_BOOK","book_id=961001 title=1 author=1 genre=1 year=1 copies=1"
"2026-02-05 01:29:48","SEARCH","mode=TITLE query=1"
"2026-02-05 19:57:35","ADD_BOOK","book_id=681001 title=1 author=1 genre=1 year=1 copies=1"
"2026-02-05 19:57:39","SEARCH","mode=ID query="
"2026-02-05 19:57:40","SEARCH","mode=TITLE query=1"
"2026-02-05 19:57:43","SEARCH","mode=TITLE query=1"
"2026-02-05 19:57:59","ADD_BOOK","book_id=681002 title=2 author=2 genre=2 year=1969 copies=2"
"2026-02-05 19:58:02","SEARCH","mode=TITLE query=2"
"2026-02-07 17:51:32","SEARCH","mode=TITLE query=F"
"2026-02-07 17:51:32","SEARCH","mode=TITLE query=F"
"2026-02-07 17:51:33","SEARCH","mode=TITLE query=Fr"
"2026-02-07 17:51:34","SEARCH","mode=TITLE query=F"
"2026-02-07 17:51:45","SEARCH","mode=TITLE query=Fr"
"2026-02-07 17:51:46","SEARCH","mode=TITLE query=F"
"2026-02-09 23:49:04","SEARCH","mode=TITLE query=G"
"2026-02-09 23:49:04","SEARCH","mode=TITLE query=G"
"2026-02-09 23:49:05","SEARCH","mode=TITLE query=Go"
"2026-02-09 23:49:05","SEARCH","mode=TITLE query=Gol"
"2026-02-09 23:49:05","SEARCH","mode=TITLE query=Go"
"2026-02-09 23:49:05","SEARCH","mode=TITLE query=G"
"2026-02-09 23:49:06","SEARCH","mode=TITLE query=G"
"2026-02-09 23:49:06","SEARCH","mode=TITLE query=G"
"2026-02-09 23:49:06","SEARCH","mode=TITLE query=Go"
"2026-02-09 23:49:07","SEARCH","mode=TITLE query=G"
"2026-02-09 23:49:08","SEARCH","mode=TITLE query=G"
"2026-02-09 23:49:08","SEARCH","mode=TITLE query=G"
"2026-02-09 23:49:08","SEARCH","mode=TITLE query=Go"
"2026-02-09 23:49:08","SEARCH","mode=TITLE query=Gol"
"2026-02-09 23:49:09","SEARCH","mode=TITLE query=Go"
"2026-02-09 23:49:09","SEARCH","mode=TITLE query=G"
"2026-02-09 23:49:12","SEARCH","mode=TITLE query=G"
"2026-02-09 23:49:12","SEARCH","mode=TITLE query=G"
"2026-02-09 23:49:12","SEARCH","mode=TITLE query=Go"
"2026-02-09 23:49:12","SEARCH","mode=TITLE query=Gol"
"2026-02-09 23:49:13","SEARCH","mode=TITLE query=Go"
"2026-02-09 23:49:13","SEARCH","mode=TITLE query=G"
"2026-02-09 23:49:14","SEARCH","mode=TITLE query=A"
"2026-02-09 23:49:14","SEARCH","mode=TITLE query=A"
"2026-02-09 23:49:14","SEARCH","mode=TITLE query=A"
"2026-02-09 23:51:52","SORT","mode=TITLE"
"2026-02-09 23:51:52","SEARCH","mode=TITLE query=G"
"2026-02-09 23:51:52","SORT","mode=TITLE"
"2026-02-09 23:51:52","SEARCH","mode=TITLE query=G"
"2026-02-09 23:51:53","SORT","mode=TITLE"
"2026-02-09 23:51:53","SEARCH","mode=TITLE query=Go"
"2026-02-09 23:51:53","SORT","mode=TITLE"
"2026-02-09 23:51:53","SEARCH","mode=TITLE query=Gol"
"2026-02-09 23:51:54","SORT","mode=TITLE"
"2026-02-09 23:51:54","SEARCH","mode=TITLE query=Gold"
"2026-02-09 23:51:54","SORT","mode=TITLE"
"2026-02-09 23:51:54","SEARCH","mode=TITLE query=Golde"
"2026-02-09 23:51:54","SORT","mode=TITLE"
"2026-02-09 23:51:54","SEARCH","mode=TITLE query=Golden"
"2026-02-09 23:51:54","SORT","mode=TITLE"
"2026-02-09 23:51:54","SEARCH","mode=TITLE query=Golde"
"2026-02-09 23:51:55","SORT","mode=TITLE"
"2026-02-09 23:51:55","SEARCH","mode=TITLE query=Gold"
"2026-02-09 23:51:55","SORT","mode=TITLE"
"2026-02-09 23:51:55","SEARCH","mode=TITLE query=Gol"
"2026-02-09 23:51:55","SORT","mode=TITLE"
"2026-02-09 23:51:55","SEARCH","mode=TITLE query=Go"
"2026-02-09 23:51:55","SORT","mode=TITLE"
"2026-02-09 23:51:55","SEARCH","mode=TITLE query=G"
"2026-02-09 23:53:29","SORT","mode=TITLE"
"2026-02-09 23:53:29","SORT","mode=TITLE"
"2026-02-09 23:53:29","SEARCH","mode=TITLE query=G"
"2026-02-09 23:53:30","SORT","mode=TITLE"
"2026-02-09 23:53:30","SORT","mode=TITLE"
"2026-02-09 23:53:30","SEARCH","mode=TITLE query=G"
"2026-02-09 23:53:30","SORT","mode=TITLE"
"2026-02-09 23:53:30","SORT","mode=TITLE"
"2026-02-09 23:53:30","SEARCH","mode=TITLE query=Go"
"2026-02-09 23:53:30","SORT","mode=TITLE"
"2026-02-09 23:53:30","SORT","mode=TITLE"
"2026-02-09 23:53:30","SEARCH","mode=TITLE query=Gol"
"2026-02-09 23:53:31","SORT","mode=TITLE"
"2026-02-09 23:53:31","SORT","mode=TITLE"
"2026-02-09 23:53:31","SEARCH","mode=TITLE query=Gold"
"2026-02-09 23:53:31","SORT","mode=TITLE"
"2026-02-09 23:53:31","SORT","mode=TITLE"
"2026-02-09 23:53:31","SEARCH","mode=TITLE query=Golde"
"2026-02-09 23:53:31","SORT","mode=TITLE"
"2026-02-09 23:53:31","SORT","mode=TITLE"
"2026-02-09 23:53:32","SEARCH","mode=TITLE query=Gold"
"2026-02-09 23:53:32","SORT","mode=TITLE"
"2026-02-09 23:53:32","SORT","mode=TITLE"
"2026-02-09 23:53:32","SEARCH","mode=TITLE query=Gol"
"2026-02-09 23:53:32","SORT","mode=TITLE"
"2026-02-09 23:53:32","SORT","mode=TITLE"
"2026-02-09 23:53:32","SEARCH","mode=TITLE query=Go"
"2026-02-09 23:53:32","SORT","mode=TITLE"
"2026-02-09 23:53:32","SORT","mode=TITLE"
"2026-02-09 23:53:32","SEARCH","mode=TITLE query=G"
"2026-02-09 23:53:33","SORT","mode=TITLE"
"2026-02-09 23:53:33","SORT","mode=TITLE"
"2026-02-09 23:53:33","SEARCH","mode=TITLE query=A"
"2026-02-09 23:53:33","SORT","mode=TITLE"
"2026-02-09 23:53:33","SORT","mode=TITLE"
"2026-02-09 23:53:33","SEARCH","mode=TITLE query=A"
"2026-02-09 23:53:34","SORT","mode=TITLE"
"2026-02-09 23:53:34","SORT","mode=TITLE"
"2026-02-09 23:53:34","SEARCH","mode=TITLE query=An"
"2026-02-09 23:53:34","SORT","mode=TITLE"
"2026-02-09 23:53:34","SORT","mode=TITLE"
"2026-02-09 23:53:34","SEARCH","mode=TITLE query=Anc"
"2026-02-09 23:53:35","SORT","mode=TITLE"
"2026-02-09 23:53:35","SORT","mode=TITLE"
"2026-02-09 23:53:35","SEARCH","mode=TITLE query=An"
"2026-02-09 23:53:35","SORT","mode=TITLE"
"2026-02-09 23:53:35","SORT","mode=TITLE"
"2026-02-09 23:53:35","SEARCH","mode=TITLE query=A"
"2026-02-09 23:53:38","SEARCH","mode=ID query="
"2026-02-09 23:53:38","SEARCH","mode=ID query="
"2026-02-09 23:53:39","SEARCH","mode=ID query="
"2026-02-09 23:53:41","SEARCH","mode=ID query="
"2026-02-09 23:53:41","SEARCH","mode=ID query="
"2026-02-09 23:53:41","SEARCH","mode=ID query="
"2026-02-09 23:53:42","SEARCH","mode=ID query="
"2026-02-09 23:53:43","SEARCH","mode=ID query="
"2026-02-09 23:53:43","SEARCH","mode=ID query="
"2026-02-09 23:53:44","SEARCH","mode=ID query="
"2026-02-09 23:53:44","SEARCH","mode=ID query="
"2026-02-09 23:53:44","SEARCH","mode=ID query="
"2026-02-10 00:30:43","SORT","mode=TITLE"
"2026-02-10 00:30:43","SORT","mode=TITLE"
"2026-02-10 00:30:43","SEARCH","mode=TITLE query=G"
"2026-02-10 00:30:43","SORT","mode=TITLE"
"2026-02-10 00:30:43","SORT","mode=TITLE"
"2026-02-10 00:30:43","SEARCH","mode=TITLE query=G"
"2026-02-10 00:30:43","SORT","mode=TITLE"
"2026-02-10 00:30:43","SORT","mode=TITLE"
"2026-02-10 00:30:43","SEARCH","mode=TITLE query=Go"
"2026-02-10 00:30:43","SORT","mode=TITLE"
"2026-02-10 00:30:43","SORT","mode=TITLE"
"2026-02-10 00:30:43","SEARCH","mode=TITLE query=Gol"
"2026-02-10 00:30:44","SORT","mode=TITLE"
"2026-02-10 00:30:44","SORT","mode=TITLE"
"2026-02-10 00:30:44","SEARCH","mode=TITLE query=Gold"
"2026-02-10 00:30:44","SORT","mode=TITLE"
"2026-02-10 00:30:44","SORT","mode=TITLE"
"2026-02-10 00:30:44","SEARCH","mode=TITLE query=Golde"
"2026-02-10 00:30:45","SORT","mode=TITLE"
"2026-02-10 00:30:45","SORT","mode=TITLE"
"2026-02-10 00:30:45","SEARCH","mode=TITLE query=Golden"
"2026-02-10 00:30:45","SORT","mode=TITLE"
"2026-02-10 00:30:45","SORT","mode=TITLE"
"2026-02-10 00:30:45","SEARCH","mode=TITLE query=Golden "
"2026-02-10 00:30:46","SORT","mode=TITLE"
"2026-02-10 00:30:46","SORT","mode=TITLE"
"2026-02-10 00:30:46","SEARCH","mode=TITLE query=Golden a"
"2026-02-10 00:30:46","SORT","mode=TITLE"
"2026-02-10 00:30:46","SORT","mode=TITLE"
"2026-02-10 00:30:46","SEARCH","mode=TITLE query=Golden an"
"2026-02-10 00:30:47","SORT","mode=TITLE"
"2026-02-10 00:30:47","SORT","mode=TITLE"
"2026-02-10 00:30:47","SEARCH","mode=TITLE query=Golden a"
"2026-02-10 00:30:47","SORT","mode=TITLE"
"2026-02-10 00:30:47","SORT","mode=TITLE"
"2026-02-10 00:30:47","SEARCH","mode=TITLE query=Golden "
"2026-02-10 00:30:47","SORT","mode=TITLE"
"2026-02-10 00:30:47","SORT","mode=TITLE"
"2026-02-10 00:30:47","SEARCH","mode=TITLE query=Golden"
"2026-02-10 00:30:47","SORT","mode=TITLE"
"2026-02-10 00:30:47","SORT","mode=TITLE"
"2026-02-10 00:30:47","SEARCH","mode=TITLE query=Golde"
"2026-02-10 00:30:47","SORT","mode=TITLE"
"2026-02-10 00:30:47","SORT","mode=TITLE"
"2026-02-10 00:30:47","SEARCH","mode=TITLE query=Gold"
"2026-02-10 00:30:47","SORT","mode=TITLE"
"2026-02-10 00:30:47","SORT","mode=TITLE"
"2026-02-10 00:30:47","SEARCH","mode=TITLE query=Gol"
"2026-02-10 00:30:47","SORT","mode=TITLE"
"2026-02-10 00:30:47","SORT","mode=TITLE"
"2026-02-10 00:30:47","SEARCH","mode=TITLE query=Go"
"2026-02-10 00:30:47","SORT","mode=TITLE"
"2026-02-10 00:30:47","SORT","mode=TITLE"
"2026-02-10 00:30:47","SEARCH","mode=TITLE query=G"
"2026-02-10 00:30:50","SEARCH","mode=ID query="
"2026-02-10 00:30:50","SEARCH","mode=ID query="
"2026-02-10 00:30:51","SEARCH","mode=ID query="
"2026-02-10 00:30:51","SEARCH","mode=ID query="
"2026-02-10 00:30:53","SEARCH","mode=ID query="
"2026-02-10 00:30:53","SEARCH","mode=ID query="
"2026-02-10 00:30:53","SEARCH","mode=ID query="
"2026-02-10 00:30:54","SEARCH","mode=ID query="
"2026-02-10 00:30:54","SEARCH","mode=ID query="
"2026-02-10 00:30:54","SEARCH","mode=ID query="
"2026-02-10 00:30:55","SEARCH","mode=ID query="
"2026-02-10 00:30:55","SEARCH","mode=ID query="
"2026-02-10 00:30:55","SEARCH","mode=ID query="
"2026-02-10 00:30:57","SEARCH","mode=ID query="
"2026-02-10 00:30:57","SEARCH","mode=ID query="
"2026-02-10 00:30:57","SEARCH","mode=ID query="
"2026-02-10 00:30:57","SEARCH","mode=ID query="
"2026-02-10 00:30:57","SEARCH","mode=ID query="
"2026-02-10 00:30:59","SEARCH","mode=ID query="
"2026-02-10 00:30:59","SEARCH","mode=ID query="
